Term,Beschrijving
API,Application Programming Interface
CPU,Centrale Verwerkingseenheid
RAM,Random Access Memory
GPU,Grafische Verwerkingseenheid
API,Application Programming Interface
CPU,Centrale Verwerkingseenheid
RAM,Random Access Memory
GPU,Grafische Verwerkingseenheid
API,Application Programming Interface
CPU,Centrale Verwerkingseenheid
RAM,Random Access Memory
GPU,Grafische Verwerkingseenheid
API,Application Programming Interface
CPU,Centrale Verwerkingseenheid
RAM,Random Access Memory
GPU,Grafische Verwerkingseenheid
API,Application Programming Interface
CPU,Centrale Verwerkingseenheid
RAM,Random Access Memory
GPU,Grafische Verwerkingseenheid
API,Application Programming Interface
CPU,Centrale Verwerkingseenheid
RAM,Random Access Memory
GPU,Grafische Verwerkingseenheid
API,Application Programming Interface
CPU,Centrale Verwerkingseenheid
RAM,Random Access Memory
GPU,Grafische Verwerkingseenheid
API,Application Programming Interface
CPU,Centrale Verwerkingseenheid
RAM,Random Access Memory
GPU,Grafische Verwerkingseenheid
API,Application Programming Interface
CPU,Centrale Verwerkingseenheid
RAM,Random Access Memory
GPU,Grafische Verwerkingseenheid
API,Application Programming Interface
CPU,Centrale Verwerkingseenheid
RAM,Random Access Memory
GPU,Grafische Verwerkingseenheid
API,Application Programming Interface
CPU,Centrale Verwerkingseenheid
RAM,Random Access Memory
GPU,Grafische Verwerkingseenheid
API,Application Programming Interface
CPU,Centrale Verwerkingseenheid
RAM,Random Access Memory
GPU,Grafische Verwerkingseenheid
API,Application Programming Interface
CPU,Centrale Verwerkingseenheid
RAM,Random Access Memory
GPU,Grafische Verwerkingseenheid
API,Application Programming Interface
CPU,Centrale Verwerkingseenheid
RAM,Random Access Memory
GPU,Grafische Verwerkingseenheid
API,Application Programming Interface
CPU,Centrale Verwerkingseenheid
RAM,Random Access Memory
GPU,Grafische Verwerkingseenheid
API,Application Programming Interface
CPU,Centrale Verwerkingseenheid
RAM,Random Access Memory
GPU,Grafische Verwerkingseenheid
API,Application Programming Interface
CPU,Centrale Verwerkingseenheid
RAM,Random Access Memory
GPU,Grafische Verwerkingseenheid
API,Application Programming Interface
CPU,Centrale Verwerkingseenheid
RAM,Random Access Memory
GPU,Grafische Verwerkingseenheid
API,Application Programming Interface
CPU,Centrale Verwerkingseenheid
RAM,Random Access Memory
GPU,Grafische Verwerkingseenheid
API,Application Programming Interface
CPU,Centrale Verwerkingseenheid
RAM,Random Access Memory
GPU,Grafische Verwerkingseenheid
API,Application Programming Interface
CPU,Centrale Verwerkingseenheid
RAM,Random Access Memory
GPU,Grafische Verwerkingseenheid
API,Application Programming Interface
CPU,Centrale Verwerkingseenheid
RAM,Random Access Memory
GPU,Grafische Verwerkingseenheid
API,Application Programming Interface
CPU,Centrale Verwerkingseenheid
RAM,Random Access Memory
GPU,Grafische Verwerkingseenheid
API,Application Programming Interface
CPU,Centrale Verwerkingseenheid
RAM,Random Access Memory
GPU,Grafische Verwerkingseenheid
API,Application Programming Interface
CPU,Centrale Verwerkingseenheid
RAM,Random Access Memory
GPU,Grafische Verwerkingseenheid
