Term,Description
API,Application Programming Interface
CPU,Central Processing Unit
RAM,Random Access Memory
GPU,Graphics Processing Unit
API,Application Programming Interface
CPU,Central Processing Unit
RAM,Random Access Memory
GPU,Graphics Processing Unit
API,Application Programming Interface
CPU,Central Processing Unit
RAM,Random Access Memory
GPU,Graphics Processing Unit
API,Application Programming Interface
CPU,Central Processing Unit
RAM,Random Access Memory
GPU,Graphics Processing Unit
API,Application Programming Interface
CPU,Central Processing Unit
RAM,Random Access Memory
GPU,Graphics Processing Unit
API,Application Programming Interface
CPU,Central Processing Unit
RAM,Random Access Memory
GPU,Graphics Processing Unit
API,Application Programming Interface
CPU,Central Processing Unit
RAM,Random Access Memory
GPU,Graphics Processing Unit
API,Application Programming Interface
CPU,Central Processing Unit
RAM,Random Access Memory
GPU,Graphics Processing Unit
API,Application Programming Interface
CPU,Central Processing Unit
RAM,Random Access Memory
GPU,Graphics Processing Unit
API,Application Programming Interface
CPU,Central Processing Unit
RAM,Random Access Memory
GPU,Graphics Processing Unit
API,Application Programming Interface
CPU,Central Processing Unit
RAM,Random Access Memory
GPU,Graphics Processing Unit
API,Application Programming Interface
CPU,Central Processing Unit
RAM,Random Access Memory
GPU,Graphics Processing Unit
API,Application Programming Interface
CPU,Central Processing Unit
RAM,Random Access Memory
GPU,Graphics Processing Unit
API,Application Programming Interface
CPU,Central Processing Unit
RAM,Random Access Memory
GPU,Graphics Processing Unit
API,Application Programming Interface
CPU,Central Processing Unit
RAM,Random Access Memory
GPU,Graphics Processing Unit
API,Application Programming Interface
CPU,Central Processing Unit
RAM,Random Access Memory
GPU,Graphics Processing Unit
API,Application Programming Interface
CPU,Central Processing Unit
RAM,Random Access Memory
GPU,Graphics Processing Unit
API,Application Programming Interface
CPU,Central Processing Unit
RAM,Random Access Memory
GPU,Graphics Processing Unit
API,Application Programming Interface
CPU,Central Processing Unit
RAM,Random Access Memory
GPU,Graphics Processing Unit
API,Application Programming Interface
CPU,Central Processing Unit
RAM,Random Access Memory
GPU,Graphics Processing Unit
API,Application Programming Interface
CPU,Central Processing Unit
RAM,Random Access Memory
GPU,Graphics Processing Unit
API,Application Programming Interface
CPU,Central Processing Unit
RAM,Random Access Memory
GPU,Graphics Processing Unit
API,Application Programming Interface
CPU,Central Processing Unit
RAM,Random Access Memory
GPU,Graphics Processing Unit
API,Application Programming Interface
CPU,Central Processing Unit
RAM,Random Access Memory
GPU,Graphics Processing Unit
API,Application Programming Interface
CPU,Central Processing Unit
RAM,Random Access Memory
GPU,Graphics Processing Unit
